{
    "linear_vac_pca50_dim2": {
        "1": 2.9926660419187945,
        "5": 2.972810491480243,
        "10": 2.945962947420764,
        "20": 2.896816624696878,
        "50": 2.7917519856222066
    },
    "linear_vac_pca2": {
        "1": 1.00509607998849,
        "5": 1.0092412983651178,
        "10": 1.0088769507429485,
        "20": 1.0093997918809734,
        "50": 1.0107359889766803
    },
    "tau_1": {
        "1": 2.9675217555399716,
        "5": 2.7482386992379704,
        "10": 2.435002242433043,
        "20": 1.923872842822112,
        "50": 1.3977816130960756
    },
    "tau_5": {
        "1": 2.925251318379078,
        "5": 2.6478425298071544,
        "10": 2.345060160267816,
        "20": 1.8934878595007065,
        "50": 1.4790782704756433
    },
    "tau_10": {
        "1": 2.9866505447979543,
        "5": 2.885390674393002,
        "10": 2.7320598465023895,
        "20": 2.3843356676612215,
        "50": 1.7508425630059112
    },
    "tau_20": {
        "1": 2.9773753306891484,
        "5": 2.764189109438063,
        "10": 2.375710317716846,
        "20": 1.8300315309808752,
        "50": 1.8519825664711187
    },
    "gnn_encoder": {
        "1": 2.79722798834415,
        "5": 2.418694005100985,
        "10": 2.0474156659821325,
        "20": 1.5049397692155566,
        "50": 1.1021304914047396
    }
}